topic,topic_label,mapped_structural_category,mapped_structural_category_label,finanzen,personalfinance,difference_finanzen_minus_personalfinance,mean_topic_share,topic_n_posts,matched_seed_terms
13,"T13: ira, roth, roth ira, traditional, account",financial_institutions_products,Financial institutions / products,0.0,0.07520412548345509,-0.07520412548345509,0.037602062741727546,632,account; brokerage account; ira
20,"T20: mortgage, loan, home, house, rate",financial_institutions_products,Financial institutions / products,0.007520412548345509,0.08186506231198969,-0.07434464976364417,0.0446927374301676,658,auto loan; bank; bankkonto; car loan; credit card; debt; home loan; ing; loan; mortgage; payment; payments; paypal; vehicle loan
25,"T25: credit, debt, loan, pay, card",financial_institutions_products,Financial institutions / products,0.0021486892995272885,0.0588740868070477,-0.05672539750752041,0.030511388053287493,681,auto loan; balance; car loan; credit card; debt; home loan; ing; loan; payment; payments; paypal; vehicle loan
9,"T9: account, bank, card, credit, check",financial_institutions_products,Financial institutions / products,0.013966480446927373,0.06574989256553503,-0.05178341211860765,0.0398581865062312,791,account; bank; bankkonto; brokerage account; credit card; girokonto; konto; payment; payments; paypal
11,"T11: credit, card, credit card, cards, score",financial_institutions_products,Financial institutions / products,0.008165019338203695,0.05951869359690589,-0.051353674258702194,0.03384185646755479,568,account; balance; bank; bankkonto; brokerage account; credit card; ing; kredit; kreditkarte; payment; payments; paypal
3,"T3: depot, republic, trade republic, trade, kaufen",financial_institutions_products,Financial institutions / products,0.05543618392780404,0.007950150408250967,0.04748603351955308,0.0316931671680275,788,broker; depot; flatex; trade republic
7,"T7: aktien, aktie, stock, verkaufen, broker",investment_strategy,Investment strategy,0.07778255264288784,0.01633003867640739,0.06145251396648045,0.04705629565964762,748,aktie; aktien; etf; portfolio; stock; stocks
28,"T28: sparplan, depot, zinsen, etf, a1jx52",investment_strategy,Investment strategy,0.06682423721529866,0.004297378599054577,0.06252685861624409,0.03556080790717662,696,a1jx52; dividende; etf; invest; sparplan
12,"T12: etf, msci, world, etfs, broker",investment_strategy,Investment strategy,0.08680704770090245,0.006446067898581865,0.08036097980232058,0.046626557799742153,680,a1jx52; aktie; aktien; etf; ftse; invest; msci; vanguard
17,"T17: etf, etfs, investieren, sparplan, msci",investment_strategy,Investment strategy,0.11366566394499356,0.008379888268156424,0.10528577567683713,0.06102277610657499,962,a1jx52; aktie; aktien; etf; ftse; invest; msci; portfolio; sparplan; vanguard
16,"T16: usa, world, weiter, msci, inflation",macro_economic_context,Macro-economic context,0.041684572410829394,0.0021486892995272885,0.03953588311130211,0.02191663085517834,557,arbeitsmarkt; inflation; wirtschaft; zinsen
21,"T21: job, studium, gehalt, ausbildung, master",macro_economic_context,Macro-economic context,0.0700472711645896,0.013751611516974646,0.05629565964761495,0.04189944134078212,639,arbeitsmarkt
19,"T19: taxes, tax, file, return, income",policy_regulation,Policy / regulation,0.008809626128061882,0.07112161581435325,-0.06231198968629137,0.039965620971207566,547,irs; steuer; tax; taxes
22,"T22: steuererklärung, steuern, steuer, tax, einkommen",policy_regulation,Policy / regulation,0.0543618392780404,0.009883970777825527,0.04447786850021487,0.03212290502793296,521,finanzamt; steuer; steuern; tax; taxes
14,"T14: deutschland, schweiz, deutschen, deutsche, steuern",policy_regulation,Policy / regulation,0.05908895573700043,0.0017189514396218307,0.0573700042973786,0.03040395358831113,525,steuer; steuern
5,"T5: car, loan, auto, vehicle, pay",practical_problem_solving,Practical problem-solving,0.014181349376880103,0.060163300386764075,-0.045981951009883976,0.03717232488182209,854,pay; pay off; paying; payment; payments; repay
